gfx,cu_num,M,N,K,libtype,kernelId,splitK,us,kernelName,tflops,bw,errRatio
gfx950,256,1,768,7168,ck,7,0,19.73,a8w8_blockscale_bpreshuffle_1x128x128_256x16x64x256_16x16_16x16_16x16x1_16x16x1_1x16x1x16_4_1x1_intrawave_v1,0.56,279.46,0.0
gfx950,256,2,768,7168,ck,7,0,19.7728,a8w8_blockscale_bpreshuffle_1x128x128_256x16x64x256_16x16_16x16_16x16x1_16x16x1_1x16x1x16_4_1x1_intrawave_v1,1.11,279.29,0.0
gfx950,256,4,768,7168,ck,7,0,19.8028,a8w8_blockscale_bpreshuffle_1x128x128_256x16x64x256_16x16_16x16_16x16x1_16x16x1_1x16x1x16_4_1x1_intrawave_v1,2.22,279.75,0.0
gfx950,256,8,768,7168,ck,7,0,19.887,a8w8_blockscale_bpreshuffle_1x128x128_256x16x64x256_16x16_16x16_16x16x1_16x16x1_1x16x1x16_4_1x1_intrawave_v1,4.43,280.32,0.0
gfx950,256,16,768,7168,ck,7,0,17.4811,a8w8_blockscale_bpreshuffle_1x128x128_256x16x64x256_16x16_16x16_16x16x1_16x16x1_1x16x1x16_4_1x1_intrawave_v1,10.08,322.88,0.0
gfx950,256,32,768,7168,ck,7,0,17.552,a8w8_blockscale_bpreshuffle_1x128x128_256x16x64x256_16x16_16x16_16x16x1_16x16x1_1x16x1x16_4_1x1_intrawave_v1,20.07,329.51,0.0
gfx950,256,48,768,7168,ck,7,0,17.5479,a8w8_blockscale_bpreshuffle_1x128x128_256x16x64x256_16x16_16x16_16x16x1_16x16x1_1x16x1x16_4_1x1_intrawave_v1,30.12,337.52,0.0
gfx950,256,64,768,7168,ck,7,0,17.1147,a8w8_blockscale_bpreshuffle_1x128x128_256x16x64x256_16x16_16x16_16x16x1_16x16x1_1x16x1x16_4_1x1_intrawave_v1,41.17,354.2,0.0
gfx950,256,80,768,7168,ck,7,0,17.2096,a8w8_blockscale_bpreshuffle_1x128x128_256x16x64x256_16x16_16x16_16x16x1_16x16x1_1x16x1x16_4_1x1_intrawave_v1,51.18,360.34,0.0
gfx950,256,96,768,7168,ck,7,0,17.4039,a8w8_blockscale_bpreshuffle_1x128x128_256x16x64x256_16x16_16x16_16x16x1_16x16x1_1x16x1x16_4_1x1_intrawave_v1,60.73,364.32,0.0
gfx950,256,112,768,7168,ck,7,0,17.246,a8w8_blockscale_bpreshuffle_1x128x128_256x16x64x256_16x16_16x16_16x16x1_16x16x1_1x16x1x16_4_1x1_intrawave_v1,71.5,375.73,0.0
gfx950,256,128,768,7168,ck,7,0,16.8111,a8w8_blockscale_bpreshuffle_1x128x128_256x16x64x256_16x16_16x16_16x16x1_16x16x1_1x16x1x16_4_1x1_intrawave_v1,83.83,393.74,0.0
gfx950,256,144,768,7168,ck,7,0,17.0599,a8w8_blockscale_bpreshuffle_1x128x128_256x16x64x256_16x16_16x16_16x16x1_16x16x1_1x16x1x16_4_1x1_intrawave_v1,92.93,396.16,0.0
gfx950,256,160,768,7168,ck,7,0,16.9434,a8w8_blockscale_bpreshuffle_1x128x128_256x16x64x256_16x16_16x16_16x16x1_16x16x1_1x16x1x16_4_1x1_intrawave_v1,103.97,407.1,0.0
gfx950,256,176,768,7168,ck,7,0,16.9292,a8w8_blockscale_bpreshuffle_1x128x128_256x16x64x256_16x16_16x16_16x16x1_16x16x1_1x16x1x16_4_1x1_intrawave_v1,114.46,415.67,0.0
gfx950,256,192,768,7168,ck,7,0,17.1923,a8w8_blockscale_bpreshuffle_1x128x128_256x16x64x256_16x16_16x16_16x16x1_16x16x1_1x16x1x16_4_1x1_intrawave_v1,122.96,417.41,0.0
gfx950,256,208,768,7168,ck,7,0,17.0771,a8w8_blockscale_bpreshuffle_1x128x128_256x16x64x256_16x16_16x16_16x16x1_16x16x1_1x16x1x16_4_1x1_intrawave_v1,134.1,428.38,0.0
gfx950,256,224,768,7168,ck,7,0,17.3175,a8w8_blockscale_bpreshuffle_1x128x128_256x16x64x256_16x16_16x16_16x16x1_16x16x1_1x16x1x16_4_1x1_intrawave_v1,142.41,430.47,0.0
gfx950,256,240,768,7168,ck,7,0,17.3239,a8w8_blockscale_bpreshuffle_1x128x128_256x16x64x256_16x16_16x16_16x16x1_16x16x1_1x16x1x16_4_1x1_intrawave_v1,152.53,438.35,0.0
gfx950,256,256,768,7168,ck,7,0,17.3087,a8w8_blockscale_bpreshuffle_1x128x128_256x16x64x256_16x16_16x16_16x16x1_16x16x1_1x16x1x16_4_1x1_intrawave_v1,162.84,446.78,0.0
gfx950,256,288,768,7168,ck,7,0,17.6667,a8w8_blockscale_bpreshuffle_1x128x128_256x16x64x256_16x16_16x16_16x16x1_16x16x1_1x16x1x16_4_1x1_intrawave_v1,179.48,453.5,0.0
gfx950,256,320,768,7168,ck,7,0,17.2727,a8w8_blockscale_bpreshuffle_1x128x128_256x16x64x256_16x16_16x16_16x16x1_16x16x1_1x16x1x16_4_1x1_intrawave_v1,203.98,479.97,0.0
gfx950,256,352,768,7168,ck,7,0,17.6303,a8w8_blockscale_bpreshuffle_1x128x128_256x16x64x256_16x16_16x16_16x16x1_16x16x1_1x16x1x16_4_1x1_intrawave_v1,219.82,486.03,0.0
gfx950,256,384,768,7168,ck,7,0,17.5131,a8w8_blockscale_bpreshuffle_1x128x128_256x16x64x256_16x16_16x16_16x16x1_16x16x1_1x16x1x16_4_1x1_intrawave_v1,241.41,505.19,0.0
gfx950,256,416,768,7168,ck,7,0,17.9933,a8w8_blockscale_bpreshuffle_1x128x128_256x16x64x256_16x16_16x16_16x16x1_16x16x1_1x16x1x16_4_1x1_intrawave_v1,254.55,507.18,0.0
gfx950,256,448,768,7168,ck,7,0,17.7769,a8w8_blockscale_bpreshuffle_1x128x128_256x16x64x256_16x16_16x16_16x16x1_16x16x1_1x16x1x16_4_1x1_intrawave_v1,277.47,529.02,0.0
gfx950,256,480,768,7168,ck,12,0,18.4399,a8w8_blockscale_bpreshuffle_1x128x128_256x32x64x256_16x16_16x16_16x16x1_16x16x1_1x32x1x8_8_2x1_intrawave_v1,286.6,525.11,0.0
gfx950,256,512,768,7168,ck,12,0,18.4448,a8w8_blockscale_bpreshuffle_1x128x128_256x32x64x256_16x16_16x16_16x16x1_16x16x1_1x32x1x8_8_2x1_intrawave_v1,305.62,540.07,0.0
gfx950,256,544,768,7168,ck,12,0,18.4836,a8w8_blockscale_bpreshuffle_1x128x128_256x32x64x256_16x16_16x16_16x16x1_16x16x1_1x32x1x8_8_2x1_intrawave_v1,324.04,554.0,0.0
gfx950,256,576,768,7168,ck,7,0,18.5259,a8w8_blockscale_bpreshuffle_1x128x128_256x16x64x256_16x16_16x16_16x16x1_16x16x1_1x16x1x16_4_1x1_intrawave_v1,342.32,567.77,0.0
gfx950,256,608,768,7168,ck,12,0,18.8067,a8w8_blockscale_bpreshuffle_1x128x128_256x32x64x256_16x16_16x16_16x16x1_16x16x1_1x32x1x8_8_2x1_intrawave_v1,355.94,574.11,0.0
gfx950,256,640,768,7168,ck,12,0,18.7839,a8w8_blockscale_bpreshuffle_1x128x128_256x32x64x256_16x16_16x16_16x16x1_16x16x1_1x32x1x8_8_2x1_intrawave_v1,375.13,589.63,0.0
gfx950,256,672,768,7168,ck,12,0,18.8503,a8w8_blockscale_bpreshuffle_1x128x128_256x32x64x256_16x16_16x16_16x16x1_16x16x1_1x32x1x8_8_2x1_intrawave_v1,392.5,602.33,0.0
gfx950,256,704,768,7168,ck,12,0,19.5508,a8w8_blockscale_bpreshuffle_1x128x128_256x32x64x256_16x16_16x16_16x16x1_16x16x1_1x32x1x8_8_2x1_intrawave_v1,396.46,595.0,0.0
gfx950,256,736,768,7168,ck,12,0,20.0064,a8w8_blockscale_bpreshuffle_1x128x128_256x32x64x256_16x16_16x16_16x16x1_16x16x1_1x32x1x8_8_2x1_intrawave_v1,405.04,595.37,0.0
gfx950,256,768,768,7168,ck,12,0,19.2396,a8w8_blockscale_bpreshuffle_1x128x128_256x32x64x256_16x16_16x16_16x16x1_16x16x1_1x32x1x8_8_2x1_intrawave_v1,439.5,633.57,0.0
gfx950,256,800,768,7168,ck,12,0,19.6412,a8w8_blockscale_bpreshuffle_1x128x128_256x32x64x256_16x16_16x16_16x16x1_16x16x1_1x32x1x8_8_2x1_intrawave_v1,448.45,634.8,0.0
gfx950,256,832,768,7168,ck,12,0,19.5136,a8w8_blockscale_bpreshuffle_1x128x128_256x32x64x256_16x16_16x16_16x16x1_16x16x1_1x32x1x8_8_2x1_intrawave_v1,469.43,653.22,0.0
gfx950,256,864,768,7168,ck,12,0,19.8179,a8w8_blockscale_bpreshuffle_1x128x128_256x32x64x256_16x16_16x16_16x16x1_16x16x1_1x32x1x8_8_2x1_intrawave_v1,480.0,657.25,0.0
gfx950,256,896,768,7168,ck,12,0,19.7766,a8w8_blockscale_bpreshuffle_1x128x128_256x32x64x256_16x16_16x16_16x16x1_16x16x1_1x32x1x8_8_2x1_intrawave_v1,498.82,672.7,0.0
gfx950,256,928,768,7168,ck,12,0,20.1133,a8w8_blockscale_bpreshuffle_1x128x128_256x32x64x256_16x16_16x16_16x16x1_16x16x1_1x32x1x8_8_2x1_intrawave_v1,507.99,675.29,0.0
gfx950,256,960,768,7168,ck,17,0,21.0451,a8w8_blockscale_bpreshuffle_1x128x128_256x64x64x256_16x16_16x16_16x16x1_16x16x1_1x32x1x8_8_2x1_intrawave_v1,502.24,658.63,0.0
gfx950,256,992,768,7168,ck,17,0,21.9419,a8w8_blockscale_bpreshuffle_1x128x128_256x64x64x256_16x16_16x16_16x16x1_16x16x1_1x32x1x8_8_2x1_intrawave_v1,497.77,644.4,0.0
gfx950,256,1024,768,7168,ck,17,0,21.0256,a8w8_blockscale_bpreshuffle_1x128x128_256x64x64x256_16x16_16x16_16x16x1_16x16x1_1x32x1x8_8_2x1_intrawave_v1,536.22,685.73,0.0
gfx950,256,1088,768,7168,ck,17,0,21.2531,a8w8_blockscale_bpreshuffle_1x128x128_256x64x64x256_16x16_16x16_16x16x1_16x16x1_1x32x1x8_8_2x1_intrawave_v1,563.63,704.6,0.0
gfx950,256,1152,768,7168,ck,12,0,21.1225,a8w8_blockscale_bpreshuffle_1x128x128_256x32x64x256_16x16_16x16_16x16x1_16x16x1_1x32x1x8_8_2x1_intrawave_v1,600.48,735.33,0.0
gfx950,256,1216,768,7168,ck,17,0,21.9912,a8w8_blockscale_bpreshuffle_1x128x128_256x64x64x256_16x16_16x16_16x16x1_16x16x1_1x32x1x8_8_2x1_intrawave_v1,608.8,731.61,0.0
gfx950,256,1280,768,7168,ck,17,0,21.6302,a8w8_blockscale_bpreshuffle_1x128x128_256x64x64x256_16x16_16x16_16x16x1_16x16x1_1x32x1x8_8_2x1_intrawave_v1,651.54,769.58,0.0
gfx950,256,1344,768,7168,ck,17,0,21.6757,a8w8_blockscale_bpreshuffle_1x128x128_256x64x64x256_16x16_16x16_16x16x1_16x16x1_1x32x1x8_8_2x1_intrawave_v1,682.68,793.66,0.0
gfx950,256,1408,768,7168,ck,11,0,28.2316,a8w8_blockscale_bpreshuffle_1x128x128_256x32x128x256_16x16_16x16_16x16x1_16x16x1_1x32x1x8_8_2x1_intrawave_v1,549.11,629.09,0.0
gfx950,256,1472,768,7168,ck,17,0,28.5916,a8w8_blockscale_bpreshuffle_1x128x128_256x64x64x256_16x16_16x16_16x16x1_16x16x1_1x32x1x8_8_2x1_intrawave_v1,566.84,640.65,0.0
gfx950,256,1536,768,7168,ck,11,0,28.4924,a8w8_blockscale_bpreshuffle_1x128x128_256x32x128x256_16x16_16x16_16x16x1_16x16x1_1x32x1x8_8_2x1_intrawave_v1,593.54,662.44,0.0
gfx950,256,1600,768,7168,ck,11,0,28.9544,a8w8_blockscale_bpreshuffle_1x128x128_256x32x128x256_16x16_16x16_16x16x1_16x16x1_1x32x1x8_8_2x1_intrawave_v1,608.41,671.1,0.0
gfx950,256,1664,768,7168,ck,11,0,28.9792,a8w8_blockscale_bpreshuffle_1x128x128_256x32x128x256_16x16_16x16_16x16x1_16x16x1_1x32x1x8_8_2x1_intrawave_v1,632.2,689.75,0.0
gfx950,256,1728,768,7168,ck,11,0,28.8859,a8w8_blockscale_bpreshuffle_1x128x128_256x32x128x256_16x16_16x16_16x16x1_16x16x1_1x32x1x8_8_2x1_intrawave_v1,658.64,711.27,0.0
gfx950,256,1792,768,7168,ck,11,0,29.2369,a8w8_blockscale_bpreshuffle_1x128x128_256x32x128x256_16x16_16x16_16x16x1_16x16x1_1x32x1x8_8_2x1_intrawave_v1,674.83,721.78,0.0
gfx950,256,1856,768,7168,ck,17,0,29.5228,a8w8_blockscale_bpreshuffle_1x128x128_256x64x64x256_16x16_16x16_16x16x1_16x16x1_1x32x1x8_8_2x1_intrawave_v1,692.17,733.66,0.0
gfx950,256,1920,768,7168,asm,1,1,29.8089,_ZN5aiter42fp8gemm_bf16_blockscale_BpreShuffle_48x128E,709.16,745.3,0.0
gfx950,256,1984,768,7168,asm,1,1,30.0462,_ZN5aiter42fp8gemm_bf16_blockscale_BpreShuffle_48x128E,727.01,757.96,0.0
gfx950,256,2048,768,7168,asm,2,1,30.9433,_ZN5aiter42fp8gemm_bf16_blockscale_BpreShuffle_64x128E,728.71,753.99,0.0
gfx950,256,4096,768,7168,ck,14,0,44.8557,a8w8_blockscale_bpreshuffle_1x128x128_256x64x128x128_16x16_16x16_8x32x1_8x32x1_1x32x1x8_8_2x1_intrawave_v1,1005.38,917.53,0.0001
gfx950,256,6144,768,7168,ck,14,0,61.348,a8w8_blockscale_bpreshuffle_1x128x128_256x64x128x128_16x16_16x16_8x32x1_8x32x1_1x32x1x8_8_2x1_intrawave_v1,1102.66,961.44,0.0001
gfx950,256,8192,768,7168,ck,14,0,71.7099,a8w8_blockscale_bpreshuffle_1x128x128_256x64x128x128_16x16_16x16_8x32x1_8x32x1_1x32x1x8_8_2x1_intrawave_v1,1257.77,1071.1,0.0002
gfx950,256,10240,768,7168,ck,13,0,79.1375,a8w8_blockscale_bpreshuffle_1x128x128_256x64x256x128_16x16_16x16_8x32x1_8x32x1_1x32x1x8_8_2x1_intrawave_v1,1424.65,1195.82,0.0
gfx950,256,12288,768,7168,cktile,29,0,91.8604,a8w8_blockscale_cktile_192x256x128_4x2x1_16x16x128_intrawave_0x1x0_4,1472.79,1224.25,0.0
gfx950,256,14336,768,7168,cktile,28,0,94.252,a8w8_blockscale_cktile_192x256x128_4x2x1_16x16x128_intrawave_0x1x0_3,1674.66,1382.31,0.0
gfx950,256,16384,768,7168,ck,13,0,117.4074,a8w8_blockscale_bpreshuffle_1x128x128_256x64x256x128_16x16_16x16_8x32x1_8x32x1_1x32x1x8_8_2x1_intrawave_v1,1536.43,1261.52,0.0
gfx950,256,32768,768,7168,ck,13,0,217.2333,a8w8_blockscale_bpreshuffle_1x128x128_256x64x256x128_16x16_16x16_8x32x1_8x32x1_1x32x1x8_8_2x1_intrawave_v1,1660.78,1338.27,0.0
gfx950,256,1,2048,7168,ck,7,0,19.7864,a8w8_blockscale_bpreshuffle_1x128x128_256x16x64x256_16x16_16x16_16x16x1_16x16x1_1x16x1x16_4_1x1_intrawave_v1,1.48,742.5,0.0
gfx950,256,2,2048,7168,ck,7,0,19.9404,a8w8_blockscale_bpreshuffle_1x128x128_256x16x64x256_16x16_16x16_16x16x1_16x16x1_1x16x1x16_4_1x1_intrawave_v1,2.94,737.33,0.0
gfx950,256,4,2048,7168,ck,7,0,19.8685,a8w8_blockscale_bpreshuffle_1x128x128_256x16x64x256_16x16_16x16_16x16x1_16x16x1_1x16x1x16_4_1x1_intrawave_v1,5.91,741.13,0.0
gfx950,256,8,2048,7168,ck,7,0,19.8336,a8w8_blockscale_bpreshuffle_1x128x128_256x16x64x256_16x16_16x16_16x16x1_16x16x1_1x16x1x16_4_1x1_intrawave_v1,11.84,744.7,0.0
gfx950,256,16,2048,7168,ck,7,0,17.6181,a8w8_blockscale_bpreshuffle_1x128x128_256x16x64x256_16x16_16x16_16x16x1_16x16x1_1x16x1x16_4_1x1_intrawave_v1,26.66,843.47,0.0
gfx950,256,32,2048,7168,ck,7,0,17.4194,a8w8_blockscale_bpreshuffle_1x128x128_256x16x64x256_16x16_16x16_16x16x1_16x16x1_1x16x1x16_4_1x1_intrawave_v1,53.94,863.43,0.0
gfx950,256,48,2048,7168,ck,7,0,17.1289,a8w8_blockscale_bpreshuffle_1x128x128_256x16x64x256_16x16_16x16_16x16x1_16x16x1_1x16x1x16_4_1x1_intrawave_v1,82.28,888.6,0.0
gfx950,256,64,2048,7168,ck,7,0,17.2806,a8w8_blockscale_bpreshuffle_1x128x128_256x16x64x256_16x16_16x16_16x16x1_16x16x1_1x16x1x16_4_1x1_intrawave_v1,108.74,891.23,0.0
gfx950,256,80,2048,7168,ck,7,0,17.104,a8w8_blockscale_bpreshuffle_1x128x128_256x16x64x256_16x16_16x16_16x16x1_16x16x1_1x16x1x16_4_1x1_intrawave_v1,137.33,910.97,0.0
gfx950,256,96,2048,7168,ck,7,0,17.0528,a8w8_blockscale_bpreshuffle_1x128x128_256x16x64x256_16x16_16x16_16x16x1_16x16x1_1x16x1x16_4_1x1_intrawave_v1,165.29,924.27,0.0
gfx950,256,112,2048,7168,ck,7,0,16.9895,a8w8_blockscale_bpreshuffle_1x128x128_256x16x64x256_16x16_16x16_16x16x1_16x16x1_1x16x1x16_4_1x1_intrawave_v1,193.55,938.32,0.0
gfx950,256,128,2048,7168,ck,7,0,16.9241,a8w8_blockscale_bpreshuffle_1x128x128_256x16x64x256_16x16_16x16_16x16x1_16x16x1_1x16x1x16_4_1x1_intrawave_v1,222.06,952.6,0.0
gfx950,256,144,2048,7168,ck,7,0,17.5557,a8w8_blockscale_bpreshuffle_1x128x128_256x16x64x256_16x16_16x16_16x16x1_16x16x1_1x16x1x16_4_1x1_intrawave_v1,240.83,928.59,0.0
gfx950,256,160,2048,7168,ck,12,0,18.3143,a8w8_blockscale_bpreshuffle_1x128x128_256x32x64x256_16x16_16x16_16x16x1_16x16x1_1x32x1x8_8_2x1_intrawave_v1,256.5,899.97,0.0
gfx950,256,176,2048,7168,ck,7,0,19.3451,a8w8_blockscale_bpreshuffle_1x128x128_256x16x64x256_16x16_16x16_16x16x1_16x16x1_1x16x1x16_4_1x1_intrawave_v1,267.12,861.33,0.0
gfx950,256,192,2048,7168,ck,7,0,18.0822,a8w8_blockscale_bpreshuffle_1x128x128_256x16x64x256_16x16_16x16_16x16x1_16x16x1_1x16x1x16_4_1x1_intrawave_v1,311.75,931.45,0.0
gfx950,256,208,2048,7168,ck,7,0,19.7053,a8w8_blockscale_bpreshuffle_1x128x128_256x16x64x256_16x16_16x16_16x16x1_16x16x1_1x16x1x16_4_1x1_intrawave_v1,309.91,863.88,0.0
gfx950,256,224,2048,7168,ck,12,0,18.2391,a8w8_blockscale_bpreshuffle_1x128x128_256x32x64x256_16x16_16x16_16x16x1_16x16x1_1x32x1x8_8_2x1_intrawave_v1,360.58,943.2,0.0
gfx950,256,240,2048,7168,ck,7,0,20.1157,a8w8_blockscale_bpreshuffle_1x128x128_256x16x64x256_16x16_16x16_16x16x1_16x16x1_1x16x1x16_4_1x1_intrawave_v1,350.3,864.17,0.0
gfx950,256,256,2048,7168,ck,12,0,18.1473,a8w8_blockscale_bpreshuffle_1x128x128_256x32x64x256_16x16_16x16_16x16x1_16x16x1_1x32x1x8_8_2x1_intrawave_v1,414.18,967.84,0.0
gfx950,256,288,2048,7168,ck,12,0,19.7809,a8w8_blockscale_bpreshuffle_1x128x128_256x32x64x256_16x16_16x16_16x16x1_16x16x1_1x32x1x8_8_2x1_intrawave_v1,427.47,906.13,0.0
gfx950,256,320,2048,7168,ck,17,0,21.2286,a8w8_blockscale_bpreshuffle_1x128x128_256x64x64x256_16x16_16x16_16x16x1_16x16x1_1x32x1x8_8_2x1_intrawave_v1,442.57,861.32,0.0
gfx950,256,352,2048,7168,ck,17,0,22.0763,a8w8_blockscale_bpreshuffle_1x128x128_256x64x64x256_16x16_16x16_16x16x1_16x16x1_1x32x1x8_8_2x1_intrawave_v1,468.14,844.57,0.0
gfx950,256,384,2048,7168,ck,12,0,20.0287,a8w8_blockscale_bpreshuffle_1x128x128_256x32x64x256_16x16_16x16_16x16x1_16x16x1_1x32x1x8_8_2x1_intrawave_v1,562.91,948.91,0.0
gfx950,256,416,2048,7168,ck,17,0,22.3706,a8w8_blockscale_bpreshuffle_1x128x128_256x64x64x256_16x16_16x16_16x16x1_16x16x1_1x32x1x8_8_2x1_intrawave_v1,545.98,865.68,0.0
gfx950,256,448,2048,7168,ck,17,0,21.426,a8w8_blockscale_bpreshuffle_1x128x128_256x64x64x256_16x16_16x16_16x16x1_16x16x1_1x32x1x8_8_2x1_intrawave_v1,613.9,920.67,0.0
gfx950,256,480,2048,7168,ck,17,0,22.6728,a8w8_blockscale_bpreshuffle_1x128x128_256x64x64x256_16x16_16x16_16x16x1_16x16x1_1x32x1x8_8_2x1_intrawave_v1,621.58,885.94,0.0
gfx950,256,512,2048,7168,ck,17,0,21.5277,a8w8_blockscale_bpreshuffle_1x128x128_256x64x64x256_16x16_16x16_16x16x1_16x16x1_1x32x1x8_8_2x1_intrawave_v1,698.28,949.81,0.0
gfx950,256,544,2048,7168,asm,1,1,28.3354,_ZN5aiter42fp8gemm_bf16_blockscale_BpreShuffle_48x128E,563.67,734.34,0.0
gfx950,256,576,2048,7168,asm,1,1,28.1725,_ZN5aiter42fp8gemm_bf16_blockscale_BpreShuffle_48x128E,600.28,751.38,0.0
gfx950,256,608,2048,7168,asm,1,1,28.4078,_ZN5aiter42fp8gemm_bf16_blockscale_BpreShuffle_48x128E,628.38,757.84,0.0
gfx950,256,640,2048,7168,asm,1,1,28.3564,_ZN5aiter42fp8gemm_bf16_blockscale_BpreShuffle_48x128E,662.65,771.93,0.0
gfx950,256,672,2048,7168,asm,1,1,28.8011,_ZN5aiter42fp8gemm_bf16_blockscale_BpreShuffle_48x128E,685.04,772.52,0.0
gfx950,256,704,2048,7168,asm,1,1,28.6853,_ZN5aiter42fp8gemm_bf16_blockscale_BpreShuffle_48x128E,720.56,788.21,0.0
gfx950,256,736,2048,7168,asm,1,1,29.6191,_ZN5aiter42fp8gemm_bf16_blockscale_BpreShuffle_48x128E,729.56,775.53,0.0
gfx950,256,768,2048,7168,asm,1,1,29.2753,_ZN5aiter42fp8gemm_bf16_blockscale_BpreShuffle_48x128E,770.23,796.95,0.0
gfx950,256,800,2048,7168,asm,2,1,29.7216,_ZN5aiter42fp8gemm_bf16_blockscale_BpreShuffle_64x128E,790.27,797.11,0.0
gfx950,256,832,2048,7168,asm,2,1,30.5083,_ZN5aiter42fp8gemm_bf16_blockscale_BpreShuffle_64x128E,800.69,788.37,0.0
gfx950,256,864,2048,7168,asm,2,1,30.518,_ZN5aiter42fp8gemm_bf16_blockscale_BpreShuffle_64x128E,831.22,799.93,0.0
gfx950,256,896,2048,7168,asm,2,1,30.6425,_ZN5aiter42fp8gemm_bf16_blockscale_BpreShuffle_64x128E,858.5,808.44,0.0
gfx950,256,928,2048,7168,asm,2,1,31.6357,_ZN5aiter42fp8gemm_bf16_blockscale_BpreShuffle_64x128E,861.25,794.45,0.0
gfx950,256,960,2048,7168,asm,2,1,31.0177,_ZN5aiter42fp8gemm_bf16_blockscale_BpreShuffle_64x128E,908.7,821.9,0.0
gfx950,256,992,2048,7168,asm,2,1,31.4917,_ZN5aiter42fp8gemm_bf16_blockscale_BpreShuffle_64x128E,924.85,820.98,0.0
gfx950,256,1024,2048,7168,asm,2,1,32.0753,_ZN5aiter42fp8gemm_bf16_blockscale_BpreShuffle_64x128E,937.32,817.28,0.0
gfx950,256,1088,2048,7168,asm,3,1,33.9358,_ZN5aiter42fp8gemm_bf16_blockscale_BpreShuffle_80x128E,941.3,793.71,0.0
gfx950,256,1152,2048,7168,asm,3,1,34.5233,_ZN5aiter42fp8gemm_bf16_blockscale_BpreShuffle_80x128E,979.71,801.09,0.0
gfx950,256,1216,2048,7168,asm,3,1,35.2966,_ZN5aiter42fp8gemm_bf16_blockscale_BpreShuffle_80x128E,1011.48,803.96,0.0
gfx950,256,1280,2048,7168,asm,3,1,35.5694,_ZN5aiter42fp8gemm_bf16_blockscale_BpreShuffle_80x128E,1056.55,818.06,0.0
gfx950,256,1344,2048,7168,asm,4,1,38.7934,_ZN5aiter42fp8gemm_bf16_blockscale_BpreShuffle_96x128E,1017.18,768.66,0.0
gfx950,256,1408,2048,7168,asm,4,1,40.4834,_ZN5aiter42fp8gemm_bf16_blockscale_BpreShuffle_96x128E,1021.14,754.38,0.0
gfx950,256,1472,2048,7168,asm,4,1,40.8826,_ZN5aiter42fp8gemm_bf16_blockscale_BpreShuffle_96x128E,1057.13,764.64,0.0
gfx950,256,1536,2048,7168,asm,4,1,40.293,_ZN5aiter42fp8gemm_bf16_blockscale_BpreShuffle_96x128E,1119.23,793.73,0.0
gfx950,256,1600,2048,7168,ck,14,0,45.3446,a8w8_blockscale_bpreshuffle_1x128x128_256x64x128x128_16x16_16x16_8x32x1_8x32x1_1x32x1x8_8_2x1_intrawave_v1,1035.98,721.2,0.0001
gfx950,256,1664,2048,7168,ck,14,0,45.6554,a8w8_blockscale_bpreshuffle_1x128x128_256x64x128x128_16x16_16x16_8x32x1_8x32x1_1x32x1x8_8_2x1_intrawave_v1,1070.09,732.08,0.0001
gfx950,256,1728,2048,7168,ck,14,0,44.3914,a8w8_blockscale_bpreshuffle_1x128x128_256x64x128x128_16x16_16x16_8x32x1_8x32x1_1x32x1x8_8_2x1_intrawave_v1,1142.89,769.16,0.0001
gfx950,256,1792,2048,7168,ck,14,0,45.0226,a8w8_blockscale_bpreshuffle_1x128x128_256x64x128x128_16x16_16x16_8x32x1_8x32x1_1x32x1x8_8_2x1_intrawave_v1,1168.6,774.39,0.0001
gfx950,256,1856,2048,7168,asm,5,1,48.5511,_ZN5aiter43fp8gemm_bf16_blockscale_BpreShuffle_128x128E,1122.37,732.96,0.0
gfx950,256,1920,2048,7168,ck,14,0,48.5047,a8w8_blockscale_bpreshuffle_1x128x128_256x64x128x128_16x16_16x16_8x32x1_8x32x1_1x32x1x8_8_2x1_intrawave_v1,1162.19,748.52,0.0001
gfx950,256,1984,2048,7168,asm,5,1,49.7611,_ZN5aiter43fp8gemm_bf16_blockscale_BpreShuffle_128x128E,1170.6,744.11,0.0
gfx950,256,2048,2048,7168,ck,13,0,50.1298,a8w8_blockscale_bpreshuffle_1x128x128_256x64x256x128_16x16_16x16_8x32x1_8x32x1_1x32x1x8_8_2x1_intrawave_v1,1199.48,753.02,0.0
gfx950,256,4096,2048,7168,ck,13,0,79.0202,a8w8_blockscale_bpreshuffle_1x128x128_256x64x256x128_16x16_16x16_8x32x1_8x32x1_1x32x1x8_8_2x1_intrawave_v1,1521.88,769.64,0.0
gfx950,256,6144,2048,7168,cktile,29,0,95.4626,a8w8_blockscale_cktile_192x256x128_4x2x1_16x16x128_intrawave_0x1x0_4,1889.63,878.73,0.0
gfx950,256,8192,2048,7168,ck,13,0,145.3655,a8w8_blockscale_bpreshuffle_1x128x128_256x64x256x128_16x16_16x16_8x32x1_8x32x1_1x32x1x8_8_2x1_intrawave_v1,1654.58,735.76,0.0
gfx950,256,10240,2048,7168,ck,13,0,179.844,a8w8_blockscale_bpreshuffle_1x128x128_256x64x256x128_16x16_16x16_8x32x1_8x32x1_1x32x1x8_8_2x1_intrawave_v1,1671.71,722.98,0.0
gfx950,256,12288,2048,7168,cktile,27,0,184.0324,a8w8_blockscale_cktile_192x256x128_4x2x1_16x16x128_intrawave_0x1x0_2,1960.4,831.88,0.0
gfx950,256,14336,2048,7168,ck,13,0,240.0047,a8w8_blockscale_bpreshuffle_1x128x128_256x64x256x128_16x16_16x16_8x32x1_8x32x1_1x32x1x8_8_2x1_intrawave_v1,1753.74,733.99,0.0
gfx950,256,16384,2048,7168,cktile,28,0,263.6644,a8w8_blockscale_cktile_192x256x128_4x2x1_16x16x128_intrawave_0x1x0_3,1824.43,755.62,0.0
gfx950,256,32768,2048,7168,cktile,11,0,521.6939,a8w8_blockscale_cktile_192x256x128_4x2x1_16x16x128_intrawave_0x1x0_1,1844.13,735.64,0.0
gfx950,256,1,7168,384,ck,10,0,4.4519,a8w8_blockscale_bpreshuffle_1x128x128_256x32x64x128_16x16_16x16_8x32x1_8x32x1_1x32x1x8_8_2x1_intrawave_v1,1.24,621.58,0.0
gfx950,256,1,7168,7168,ck,7,0,21.0136,a8w8_blockscale_bpreshuffle_1x128x128_256x16x64x256_16x16_16x16_16x16x1_16x16x1_1x16x1x16_4_1x1_intrawave_v1,4.89,2446.12,0.0
gfx950,256,2,7168,384,ck,5,0,4.9124,a8w8_blockscale_bpreshuffle_1x128x128_256x16x64x128_8x16_16x16_16x16x1_8x32x1_1x16x1x16_4_1x1_intrawave_v1,2.24,566.31,0.0
gfx950,256,2,7168,7168,ck,7,0,20.807,a8w8_blockscale_bpreshuffle_1x128x128_256x16x64x256_16x16_16x16_16x16x1_16x16x1_1x16x1x16_4_1x1_intrawave_v1,9.88,2471.44,0.0
gfx950,256,4,7168,384,ck,5,0,4.3595,a8w8_blockscale_bpreshuffle_1x128x128_256x16x64x128_8x16_16x16_16x16x1_8x32x1_1x16x1x16_4_1x1_intrawave_v1,5.05,644.89,0.0
gfx950,256,4,7168,7168,ck,7,0,20.8785,a8w8_blockscale_bpreshuffle_1x128x128_256x16x64x256_16x16_16x16_16x16x1_16x16x1_1x16x1x16_4_1x1_intrawave_v1,19.69,2465.04,0.0
gfx950,256,8,7168,384,ck,10,0,4.5093,a8w8_blockscale_bpreshuffle_1x128x128_256x32x64x128_16x16_16x16_8x32x1_8x32x1_1x32x1x8_8_2x1_intrawave_v1,9.77,636.52,0.0
gfx950,256,8,7168,7168,ck,7,0,20.9046,a8w8_blockscale_bpreshuffle_1x128x128_256x16x64x256_16x16_16x16_16x16x1_16x16x1_1x16x1x16_4_1x1_intrawave_v1,39.33,2466.07,0.0
gfx950,256,16,7168,384,ck,5,0,4.9415,a8w8_blockscale_bpreshuffle_1x128x128_256x16x64x128_8x16_16x16_16x16x1_8x32x1_1x16x1x16_4_1x1_intrawave_v1,17.82,604.68,0.0
gfx950,256,16,7168,7168,ck,7,0,18.626,a8w8_blockscale_bpreshuffle_1x128x128_256x16x64x256_16x16_16x16_16x16x1_16x16x1_1x16x1x16_4_1x1_intrawave_v1,88.27,2776.99,0.0
gfx950,256,32,7168,384,ck,10,0,4.5334,a8w8_blockscale_bpreshuffle_1x128x128_256x32x64x128_16x16_16x16_8x32x1_8x32x1_1x32x1x8_8_2x1_intrawave_v1,38.86,711.07,0.0
gfx950,256,32,7168,7168,ck,7,0,18.7345,a8w8_blockscale_bpreshuffle_1x128x128_256x16x64x256_16x16_16x16_16x16x1_16x16x1_1x16x1x16_4_1x1_intrawave_v1,175.52,2779.28,0.0
gfx950,256,48,7168,384,ck,5,0,4.7591,a8w8_blockscale_bpreshuffle_1x128x128_256x16x64x128_8x16_16x16_16x16x1_8x32x1_1x16x1x16_4_1x1_intrawave_v1,55.52,726.83,0.0
gfx950,256,48,7168,7168,ck,6,0,21.4511,a8w8_blockscale_bpreshuffle_1x128x128_256x16x128x256_16x16_16x16_16x16x1_16x16x1_1x16x1x16_8_1x2_intrawave_v1,229.94,2443.34,0.0
gfx950,256,64,7168,384,ck,10,0,4.7549,a8w8_blockscale_bpreshuffle_1x128x128_256x32x64x128_16x16_16x16_8x32x1_8x32x1_1x32x1x8_8_2x1_intrawave_v1,74.1,777.01,0.0
gfx950,256,64,7168,7168,ck,12,0,19.9679,a8w8_blockscale_bpreshuffle_1x128x128_256x32x64x256_16x16_16x16_16x16x1_16x16x1_1x32x1x8_8_2x1_intrawave_v1,329.36,2642.06,0.0
gfx950,256,80,7168,384,ck,10,0,5.0686,a8w8_blockscale_bpreshuffle_1x128x128_256x32x64x128_16x16_16x16_8x32x1_8x32x1_1x32x1x8_8_2x1_intrawave_v1,86.89,775.38,0.0
gfx950,256,80,7168,7168,ck,17,0,23.5989,a8w8_blockscale_bpreshuffle_1x128x128_256x64x64x256_16x16_16x16_16x16x1_16x16x1_1x32x1x8_8_2x1_intrawave_v1,348.36,2250.13,0.0
gfx950,256,96,7168,384,asm,0,1,5.3807,_ZN5aiter42fp8gemm_bf16_blockscale_BpreShuffle_32x128E,98.22,774.18,0.0
gfx950,256,96,7168,7168,ck,17,0,23.2427,a8w8_blockscale_bpreshuffle_1x128x128_256x64x64x256_16x16_16x16_16x16x1_16x16x1_1x32x1x8_8_2x1_intrawave_v1,424.43,2299.41,0.0
gfx950,256,112,7168,384,ck,4,0,5.2778,a8w8_blockscale_bpreshuffle_1x128x128_256x16x128x128_8x16_16x16_16x16x1_8x32x1_1x16x1x16_8_1x2_intrawave_v1,116.82,833.9,0.0
gfx950,256,112,7168,7168,ck,17,0,23.798,a8w8_blockscale_bpreshuffle_1x128x128_256x64x64x256_16x16_16x16_16x16x1_16x16x1_1x32x1x8_8_2x1_intrawave_v1,483.62,2260.22,0.0
gfx950,256,128,7168,384,ck,4,0,5.0215,a8w8_blockscale_bpreshuffle_1x128x128_256x16x128x128_8x16_16x16_16x16x1_8x32x1_1x16x1x16_8_1x2_intrawave_v1,140.33,923.36,0.0
gfx950,256,128,7168,7168,ck,17,0,22.9222,a8w8_blockscale_bpreshuffle_1x128x128_256x64x64x256_16x16_16x16_16x16x1_16x16x1_1x32x1x8_8_2x1_intrawave_v1,573.83,2361.59,0.0
gfx950,256,144,7168,384,ck,4,0,5.2391,a8w8_blockscale_bpreshuffle_1x128x128_256x16x128x128_8x16_16x16_16x16x1_8x32x1_1x16x1x16_8_1x2_intrawave_v1,151.31,929.97,0.0
gfx950,256,144,7168,7168,asm,1,1,28.547,_ZN5aiter42fp8gemm_bf16_blockscale_BpreShuffle_48x128E,518.36,1908.32,0.0
gfx950,256,160,7168,384,ck,4,0,5.6828,a8w8_blockscale_bpreshuffle_1x128x128_256x16x128x128_8x16_16x16_16x16x1_8x32x1_1x16x1x16_8_1x2_intrawave_v1,154.99,898.8,0.0
gfx950,256,160,7168,7168,asm,1,1,29.0974,_ZN5aiter42fp8gemm_bf16_blockscale_BpreShuffle_48x128E,565.06,1884.05,0.0
gfx950,256,176,7168,384,ck,10,0,5.5692,a8w8_blockscale_bpreshuffle_1x128x128_256x32x64x128_16x16_16x16_8x32x1_8x32x1_1x32x1x8_8_2x1_intrawave_v1,173.97,959.43,0.0001
gfx950,256,176,7168,7168,asm,1,1,29.1359,_ZN5aiter42fp8gemm_bf16_blockscale_BpreShuffle_48x128E,620.74,1893.37,0.0
gfx950,256,192,7168,384,ck,10,0,5.583,a8w8_blockscale_bpreshuffle_1x128x128_256x32x64x128_16x16_16x16_8x32x1_8x32x1_1x32x1x8_8_2x1_intrawave_v1,189.32,999.24,0.0
gfx950,256,192,7168,7168,asm,1,1,29.4402,_ZN5aiter42fp8gemm_bf16_blockscale_BpreShuffle_48x128E,670.17,1885.48,0.0
gfx950,256,208,7168,384,ck,4,0,6.0222,a8w8_blockscale_bpreshuffle_1x128x128_256x16x128x128_8x16_16x16_16x16x1_8x32x1_1x16x1x16_8_1x2_intrawave_v1,190.14,965.47,0.0
gfx950,256,208,7168,7168,asm,2,1,31.0722,_ZN5aiter42fp8gemm_bf16_blockscale_BpreShuffle_64x128E,687.89,1797.52,0.0
gfx950,256,224,7168,384,ck,2,0,5.9902,a8w8_blockscale_bpreshuffle_1x128x128_256x64x64x128_16x16_16x16_8x32x1_8x32x1_1x32x1x8_8_2x1_intrawave_v3,205.86,1009.95,0.0
gfx950,256,224,7168,7168,asm,2,1,31.2014,_ZN5aiter42fp8gemm_bf16_blockscale_BpreShuffle_64x128E,737.73,1801.11,0.0
gfx950,256,240,7168,384,ck,10,0,6.1141,a8w8_blockscale_bpreshuffle_1x128x128_256x32x64x128_16x16_16x16_8x32x1_8x32x1_1x32x1x8_8_2x1_intrawave_v1,216.09,1028.0,0.0005
gfx950,256,240,7168,7168,asm,2,1,31.2656,_ZN5aiter42fp8gemm_bf16_blockscale_BpreShuffle_64x128E,788.81,1808.42,0.0
gfx950,256,256,7168,384,ck,4,0,5.8007,a8w8_blockscale_bpreshuffle_1x128x128_256x16x128x128_8x16_16x16_16x16x1_8x32x1_1x16x1x16_8_1x2_intrawave_v1,242.95,1124.15,0.0
gfx950,256,256,7168,7168,asm,2,1,30.8956,_ZN5aiter42fp8gemm_bf16_blockscale_BpreShuffle_64x128E,851.47,1841.21,0.0
gfx950,256,288,7168,384,ck,8,0,6.3655,a8w8_blockscale_bpreshuffle_1x128x128_256x32x256x128_16x16_16x16_8x32x1_8x32x1_1x32x1x8_8_2x1_intrawave_v1,249.07,1098.4,0.0
gfx950,256,288,7168,7168,asm,3,1,33.4059,_ZN5aiter42fp8gemm_bf16_blockscale_BpreShuffle_80x128E,885.92,1723.45,0.0
gfx950,256,320,7168,384,ck,9,0,6.4468,a8w8_blockscale_bpreshuffle_1x128x128_256x32x128x128_16x16_16x16_8x32x1_8x32x1_1x32x1x8_8_2x1_intrawave_v1,273.25,1157.61,0.0
gfx950,256,320,7168,7168,asm,3,1,34.0678,_ZN5aiter42fp8gemm_bf16_blockscale_BpreShuffle_80x128E,965.23,1710.16,0.0
gfx950,256,352,7168,384,ck,15,0,6.8424,a8w8_blockscale_bpreshuffle_1x128x128_256x64x64x128_16x16_16x16_8x32x1_8x32x1_1x32x1x8_8_2x1_intrawave_v1,283.2,1159.53,0.0007
gfx950,256,352,7168,7168,asm,4,1,38.5304,_ZN5aiter42fp8gemm_bf16_blockscale_BpreShuffle_96x128E,938.78,1529.95,0.0
gfx950,256,384,7168,384,ck,9,0,6.5405,a8w8_blockscale_bpreshuffle_1x128x128_256x32x128x128_16x16_16x16_8x32x1_8x32x1_1x32x1x8_8_2x1_intrawave_v1,323.21,1285.07,0.0
gfx950,256,384,7168,7168,asm,4,1,40.1326,_ZN5aiter42fp8gemm_bf16_blockscale_BpreShuffle_96x128E,983.24,1486.02,0.0
gfx950,256,416,7168,384,ck,9,0,7.7057,a8w8_blockscale_bpreshuffle_1x128x128_256x32x128x128_16x16_16x16_8x32x1_8x32x1_1x32x1x8_8_2x1_intrawave_v1,297.19,1151.88,0.0
gfx950,256,416,7168,7168,asm,5,1,47.1144,_ZN5aiter43fp8gemm_bf16_blockscale_BpreShuffle_128x128E,907.33,1280.41,0.0
gfx950,256,448,7168,384,ck,9,0,7.8193,a8w8_blockscale_bpreshuffle_1x128x128_256x32x128x128_16x16_16x16_8x32x1_8x32x1_1x32x1x8_8_2x1_intrawave_v1,315.41,1195.38,0.0
gfx950,256,448,7168,7168,ck,14,0,46.9169,a8w8_blockscale_bpreshuffle_1x128x128_256x64x128x128_16x16_16x16_8x32x1_8x32x1_1x32x1x8_8_2x1_intrawave_v1,981.24,1300.47,0.0001
gfx950,256,480,7168,384,ck,14,0,8.1762,a8w8_blockscale_bpreshuffle_1x128x128_256x64x128x128_16x16_16x16_8x32x1_8x32x1_1x32x1x8_8_2x1_intrawave_v1,323.18,1200.82,0.0
gfx950,256,480,7168,7168,ck,14,0,48.4232,a8w8_blockscale_bpreshuffle_1x128x128_256x64x128x128_16x16_16x16_8x32x1_8x32x1_1x32x1x8_8_2x1_intrawave_v1,1018.62,1274.23,0.0001
gfx950,256,512,7168,384,ck,14,0,7.8651,a8w8_blockscale_bpreshuffle_1x128x128_256x64x128x128_16x16_16x16_8x32x1_8x32x1_1x32x1x8_8_2x1_intrawave_v1,358.36,1308.2,0.0
gfx950,256,512,7168,7168,ck,13,0,48.9252,a8w8_blockscale_bpreshuffle_1x128x128_256x64x256x128_16x16_16x16_8x32x1_8x32x1_1x32x1x8_8_2x1_intrawave_v1,1075.38,1275.22,0.0
gfx950,256,544,7168,384,ck,9,0,8.3895,a8w8_blockscale_bpreshuffle_1x128x128_256x32x128x128_16x16_16x16_8x32x1_8x32x1_1x32x1x8_8_2x1_intrawave_v1,356.96,1282.58,0.0
gfx950,256,544,7168,7168,ck,14,0,51.3141,a8w8_blockscale_bpreshuffle_1x128x128_256x64x128x128_16x16_16x16_8x32x1_8x32x1_1x32x1x8_8_2x1_intrawave_v1,1089.4,1229.26,0.0001
gfx950,256,576,7168,384,ck,13,0,8.9716,a8w8_blockscale_bpreshuffle_1x128x128_256x64x256x128_16x16_16x16_8x32x1_8x32x1_1x32x1x8_8_2x1_intrawave_v1,353.44,1251.86,0.0
gfx950,256,576,7168,7168,ck,14,0,50.4894,a8w8_blockscale_bpreshuffle_1x128x128_256x64x128x128_16x16_16x16_8x32x1_8x32x1_1x32x1x8_8_2x1_intrawave_v1,1172.33,1262.97,0.0001
gfx950,256,608,7168,384,ck,10,0,9.8199,a8w8_blockscale_bpreshuffle_1x128x128_256x32x64x128_16x16_16x16_8x32x1_8x32x1_1x32x1x8_8_2x1_intrawave_v1,340.84,1191.69,0.0014
gfx950,256,608,7168,7168,ck,14,0,62.2214,a8w8_blockscale_bpreshuffle_1x128x128_256x64x128x128_16x16_16x16_8x32x1_8x32x1_1x32x1x8_8_2x1_intrawave_v1,1004.13,1035.89,0.0001
gfx950,256,640,7168,384,ck,10,0,9.9283,a8w8_blockscale_bpreshuffle_1x128x128_256x32x64x128_16x16_16x16_8x32x1_8x32x1_1x32x1x8_8_2x1_intrawave_v1,354.87,1226.12,0.0012
gfx950,256,640,7168,7168,ck,14,0,62.2407,a8w8_blockscale_bpreshuffle_1x128x128_256x64x128x128_16x16_16x16_8x32x1_8x32x1_1x32x1x8_8_2x1_intrawave_v1,1056.65,1046.63,0.0001
gfx950,256,672,7168,384,ck,9,0,9.8369,a8w8_blockscale_bpreshuffle_1x128x128_256x32x128x128_16x16_16x16_8x32x1_8x32x1_1x32x1x8_8_2x1_intrawave_v1,376.07,1285.4,0.0
gfx950,256,672,7168,7168,ck,13,0,65.2683,a8w8_blockscale_bpreshuffle_1x128x128_256x64x256x128_16x16_16x16_8x32x1_8x32x1_1x32x1x8_8_2x1_intrawave_v1,1058.02,1008.62,0.0
gfx950,256,704,7168,384,ck,9,0,9.789,a8w8_blockscale_bpreshuffle_1x128x128_256x32x128x128_16x16_16x16_8x32x1_8x32x1_1x32x1x8_8_2x1_intrawave_v1,395.91,1339.81,0.0
gfx950,256,704,7168,7168,ck,13,0,64.8418,a8w8_blockscale_bpreshuffle_1x128x128_256x64x256x128_16x16_16x16_8x32x1_8x32x1_1x32x1x8_8_2x1_intrawave_v1,1115.69,1025.87,0.0
gfx950,256,736,7168,384,ck,10,0,10.5145,a8w8_blockscale_bpreshuffle_1x128x128_256x32x64x128_16x16_16x16_8x32x1_8x32x1_1x32x1x8_8_2x1_intrawave_v1,385.34,1292.16,0.0016
gfx950,256,736,7168,7168,ck,13,0,67.6229,a8w8_blockscale_bpreshuffle_1x128x128_256x64x256x128_16x16_16x16_8x32x1_8x32x1_1x32x1x8_8_2x1_intrawave_v1,1118.43,993.85,0.0
gfx950,256,768,7168,384,ck,14,0,10.633,a8w8_blockscale_bpreshuffle_1x128x128_256x64x128x128_16x16_16x16_8x32x1_8x32x1_1x32x1x8_8_2x1_intrawave_v1,397.62,1322.06,0.0
gfx950,256,768,7168,7168,ck,13,0,64.1411,a8w8_blockscale_bpreshuffle_1x128x128_256x64x256x128_16x16_16x16_8x32x1_8x32x1_1x32x1x8_8_2x1_intrawave_v1,1230.41,1058.53,0.0
gfx950,256,800,7168,384,ck,9,0,10.783,a8w8_blockscale_bpreshuffle_1x128x128_256x32x128x128_16x16_16x16_8x32x1_8x32x1_1x32x1x8_8_2x1_intrawave_v1,408.42,1347.35,0.0
gfx950,256,800,7168,7168,ck,13,0,69.0192,a8w8_blockscale_bpreshuffle_1x128x128_256x64x256x128_16x16_16x16_8x32x1_8x32x1_1x32x1x8_8_2x1_intrawave_v1,1191.09,993.69,0.0
gfx950,256,832,7168,384,ck,14,0,10.7452,a8w8_blockscale_bpreshuffle_1x128x128_256x64x128x128_16x16_16x16_8x32x1_8x32x1_1x32x1x8_8_2x1_intrawave_v1,426.25,1395.93,0.0
gfx950,256,832,7168,7168,ck,13,0,70.1573,a8w8_blockscale_bpreshuffle_1x128x128_256x64x256x128_16x16_16x16_8x32x1_8x32x1_1x32x1x8_8_2x1_intrawave_v1,1218.64,987.37,0.0
gfx950,256,864,7168,384,ck,9,0,10.9624,a8w8_blockscale_bpreshuffle_1x128x128_256x32x128x128_16x16_16x16_8x32x1_8x32x1_1x32x1x8_8_2x1_intrawave_v1,433.88,1411.24,0.0
gfx950,256,864,7168,7168,ck,13,0,75.8732,a8w8_blockscale_bpreshuffle_1x128x128_256x64x256x128_16x16_16x16_8x32x1_8x32x1_1x32x1x8_8_2x1_intrawave_v1,1170.18,922.06,0.0
gfx950,256,896,7168,384,ck,9,0,11.3587,a8w8_blockscale_bpreshuffle_1x128x128_256x32x128x128_16x16_16x16_8x32x1_8x32x1_1x32x1x8_8_2x1_intrawave_v1,434.25,1403.47,0.0
gfx950,256,896,7168,7168,ck,13,0,72.8489,a8w8_blockscale_bpreshuffle_1x128x128_256x64x256x128_16x16_16x16_8x32x1_8x32x1_1x32x1x8_8_2x1_intrawave_v1,1263.9,969.79,0.0
gfx950,256,928,7168,384,ck,9,0,11.4791,a8w8_blockscale_bpreshuffle_1x128x128_256x32x128x128_16x16_16x16_8x32x1_8x32x1_1x32x1x8_8_2x1_intrawave_v1,445.04,1429.79,0.0
gfx950,256,928,7168,7168,ck,0,0,76.3922,a8w8_blockscale_bpreshuffle_1x128x128_256x128x128x128_16x16_16x16_8x32x1_8x32x1_1x32x1x8_8_2x1_intrawave_v3,1248.32,933.81,0.0
gfx950,256,960,7168,384,ck,9,0,11.8232,a8w8_blockscale_bpreshuffle_1x128x128_256x32x128x128_16x16_16x16_8x32x1_8x32x1_1x32x1x8_8_2x1_intrawave_v1,446.99,1428.02,0.0
gfx950,256,960,7168,7168,ck,13,0,75.3989,a8w8_blockscale_bpreshuffle_1x128x128_256x64x256x128_16x16_16x16_8x32x1_8x32x1_1x32x1x8_8_2x1_intrawave_v1,1308.37,955.24,0.0
gfx950,256,992,7168,384,ck,9,0,12.5695,a8w8_blockscale_bpreshuffle_1x128x128_256x32x128x128_16x16_16x16_8x32x1_8x32x1_1x32x1x8_8_2x1_intrawave_v1,434.46,1380.7,0.0
gfx950,256,992,7168,7168,ck,13,0,76.8077,a8w8_blockscale_bpreshuffle_1x128x128_256x64x256x128_16x16_16x16_8x32x1_8x32x1_1x32x1x8_8_2x1_intrawave_v1,1327.19,946.68,0.0
gfx950,256,1024,7168,384,ck,13,0,12.9508,a8w8_blockscale_bpreshuffle_1x128x128_256x64x256x128_16x16_16x16_8x32x1_8x32x1_1x32x1x8_8_2x1_intrawave_v1,435.27,1376.42,0.0
gfx950,256,1024,7168,7168,ck,13,0,76.9649,a8w8_blockscale_bpreshuffle_1x128x128_256x64x256x128_16x16_16x16_8x32x1_8x32x1_1x32x1x8_8_2x1_intrawave_v1,1367.2,953.69,0.0
gfx950,256,1088,7168,384,ck,9,0,12.4426,a8w8_blockscale_bpreshuffle_1x128x128_256x32x128x128_16x16_16x16_8x32x1_8x32x1_1x32x1x8_8_2x1_intrawave_v1,481.37,1508.36,0.0
gfx950,256,1088,7168,7168,ck,13,0,78.3802,a8w8_blockscale_bpreshuffle_1x128x128_256x64x256x128_16x16_16x16_8x32x1_8x32x1_1x32x1x8_8_2x1_intrawave_v1,1426.42,954.02,0.0
gfx950,256,1152,7168,384,ck,9,0,12.5595,a8w8_blockscale_bpreshuffle_1x128x128_256x32x128x128_16x16_16x16_8x32x1_8x32x1_1x32x1x8_8_2x1_intrawave_v1,504.94,1569.33,0.0
gfx950,256,1152,7168,7168,ck,13,0,80.7938,a8w8_blockscale_bpreshuffle_1x128x128_256x64x256x128_16x16_16x16_8x32x1_8x32x1_1x32x1x8_8_2x1_intrawave_v1,1465.21,942.56,0.0
gfx950,256,1216,7168,384,ck,9,0,13.4297,a8w8_blockscale_bpreshuffle_1x128x128_256x32x128x128_16x16_16x16_8x32x1_8x32x1_1x32x1x8_8_2x1_intrawave_v1,498.46,1537.79,0.0
gfx950,256,1216,7168,7168,cktile,28,0,87.0523,a8w8_blockscale_cktile_192x256x128_4x2x1_16x16x128_intrawave_0x1x0_3,1435.42,890.6,0.0
gfx950,256,1280,7168,384,ck,9,0,13.8774,a8w8_blockscale_bpreshuffle_1x128x128_256x32x128x128_16x16_16x16_8x32x1_8x32x1_1x32x1x8_8_2x1_intrawave_v1,507.76,1556.06,0.0
gfx950,256,1280,7168,7168,cktile,27,0,87.9119,a8w8_blockscale_cktile_192x256x128_4x2x1_16x16x128_intrawave_0x1x0_2,1496.2,897.55,0.0
gfx950,256,1344,7168,384,ck,9,0,14.2723,a8w8_blockscale_bpreshuffle_1x128x128_256x32x128x128_16x16_16x16_8x32x1_8x32x1_1x32x1x8_8_2x1_intrawave_v1,518.4,1579.02,0.0
gfx950,256,1344,7168,7168,cktile,28,0,88.0382,a8w8_blockscale_cktile_192x256x128_4x2x1_16x16x128_intrawave_0x1x0_3,1568.75,911.9,0.0
gfx950,256,1408,7168,384,ck,9,0,14.6469,a8w8_blockscale_bpreshuffle_1x128x128_256x32x128x128_16x16_16x16_8x32x1_8x32x1_1x32x1x8_8_2x1_intrawave_v1,529.2,1602.95,0.0
gfx950,256,1408,7168,7168,cktile,28,0,89.9503,a8w8_blockscale_cktile_192x256x128_4x2x1_16x16x128_intrawave_0x1x0_3,1608.52,907.81,0.0
gfx950,256,1472,7168,384,ck,9,0,15.1377,a8w8_blockscale_bpreshuffle_1x128x128_256x32x128x128_16x16_16x16_8x32x1_8x32x1_1x32x1x8_8_2x1_intrawave_v1,535.31,1613.21,0.0
gfx950,256,1472,7168,7168,cktile,29,0,89.6557,a8w8_blockscale_cktile_192x256x128_4x2x1_16x16x128_intrawave_0x1x0_4,1687.16,926.14,0.0
gfx950,256,1536,7168,384,ck,9,0,15.7955,a8w8_blockscale_bpreshuffle_1x128x128_256x32x128x128_16x16_16x16_8x32x1_8x32x1_1x32x1x8_8_2x1_intrawave_v1,535.32,1605.67,0.0
gfx950,256,1536,7168,7168,cktile,11,0,89.8275,a8w8_blockscale_cktile_192x256x128_4x2x1_16x16x128_intrawave_0x1x0_1,1757.15,939.69,0.0
gfx950,256,1600,7168,384,ck,9,0,16.0454,a8w8_blockscale_bpreshuffle_1x128x128_256x32x128x128_16x16_16x16_8x32x1_8x32x1_1x32x1x8_8_2x1_intrawave_v1,548.94,1639.38,0.0
gfx950,256,1600,7168,7168,cktile,29,0,92.4801,a8w8_blockscale_cktile_192x256x128_4x2x1_16x16x128_intrawave_0x1x0_4,1777.86,927.62,0.0
gfx950,256,1664,7168,384,ck,9,0,16.4508,a8w8_blockscale_bpreshuffle_1x128x128_256x32x128x128_16x16_16x16_8x32x1_8x32x1_1x32x1x8_8_2x1_intrawave_v1,556.83,1656.25,0.0
gfx950,256,1664,7168,7168,cktile,27,0,91.9074,a8w8_blockscale_cktile_192x256x128_4x2x1_16x16x128_intrawave_0x1x0_2,1860.5,948.38,0.0
gfx950,256,1728,7168,384,ck,9,0,16.71,a8w8_blockscale_bpreshuffle_1x128x128_256x32x128x128_16x16_16x16_8x32x1_8x32x1_1x32x1x8_8_2x1_intrawave_v1,569.28,1686.93,0.0
gfx950,256,1728,7168,7168,cktile,28,0,91.8376,a8w8_blockscale_cktile_192x256x128_4x2x1_16x16x128_intrawave_0x1x0_3,1933.52,964.08,0.0
gfx950,256,1792,7168,384,ck,9,0,17.4433,a8w8_blockscale_bpreshuffle_1x128x128_256x32x128x128_16x16_16x16_8x32x1_8x32x1_1x32x1x8_8_2x1_intrawave_v1,565.55,1670.03,0.0
gfx950,256,1792,7168,7168,ck,13,0,127.9586,a8w8_blockscale_bpreshuffle_1x128x128_256x64x256x128_16x16_16x16_8x32x1_8x32x1_1x32x1x8_8_2x1_intrawave_v1,1439.11,702.69,0.0
gfx950,256,1856,7168,384,ck,9,0,17.56,a8w8_blockscale_bpreshuffle_1x128x128_256x32x128x128_16x16_16x16_8x32x1_8x32x1_1x32x1x8_8_2x1_intrawave_v1,581.85,1712.58,0.0
gfx950,256,1856,7168,7168,ck,14,0,138.8947,a8w8_blockscale_bpreshuffle_1x128x128_256x64x128x128_16x16_16x16_8x32x1_8x32x1_1x32x1x8_8_2x1_intrawave_v1,1373.15,657.27,0.0002
gfx950,256,1920,7168,384,ck,9,0,18.6074,a8w8_blockscale_bpreshuffle_1x128x128_256x32x128x128_16x16_16x16_8x32x1_8x32x1_1x32x1x8_8_2x1_intrawave_v1,568.03,1666.81,0.0
gfx950,256,1920,7168,7168,ck,0,0,137.9438,a8w8_blockscale_bpreshuffle_1x128x128_256x128x128x128_16x16_16x16_8x32x1_8x32x1_1x32x1x8_8_2x1_intrawave_v3,1430.29,671.78,0.0
gfx950,256,1984,7168,384,ck,9,0,19.0684,a8w8_blockscale_bpreshuffle_1x128x128_256x32x128x128_16x16_16x16_8x32x1_8x32x1_1x32x1x8_8_2x1_intrawave_v1,572.78,1675.91,0.0
gfx950,256,1984,7168,7168,ck,13,0,137.5165,a8w8_blockscale_bpreshuffle_1x128x128_256x64x256x128_16x16_16x16_8x32x1_8x32x1_1x32x1x8_8_2x1_intrawave_v1,1482.56,683.88,0.0
gfx950,256,2048,7168,384,ck,8,0,20.428,a8w8_blockscale_bpreshuffle_1x128x128_256x32x256x128_16x16_16x16_8x32x1_8x32x1_1x32x1x8_8_2x1_intrawave_v1,551.9,1610.49,0.0
gfx950,256,2048,7168,7168,ck,13,0,140.9867,a8w8_blockscale_bpreshuffle_1x128x128_256x64x256x128_16x16_16x16_8x32x1_8x32x1_1x32x1x8_8_2x1_intrawave_v1,1492.72,676.8,0.0
gfx950,256,4096,7168,384,ck,13,0,35.046,a8w8_blockscale_bpreshuffle_1x128x128_256x64x256x128_16x16_16x16_8x32x1_8x32x1_1x32x1x8_8_2x1_intrawave_v1,643.4,1798.94,0.0
gfx950,256,4096,7168,7168,ck,13,0,235.8502,a8w8_blockscale_bpreshuffle_1x128x128_256x64x256x128_16x16_16x16_8x32x1_8x32x1_1x32x1x8_8_2x1_intrawave_v1,1784.64,591.31,0.0
gfx950,256,6144,7168,384,ck,14,0,48.1595,a8w8_blockscale_bpreshuffle_1x128x128_256x64x128x128_16x16_16x16_8x32x1_8x32x1_1x32x1x8_8_2x1_intrawave_v1,702.31,1935.07,0.0
gfx950,256,6144,7168,7168,cktile,11,0,339.9621,a8w8_blockscale_cktile_192x256x128_4x2x1_16x16x128_intrawave_0x1x0_1,1857.15,539.77,0.0
gfx950,256,8192,7168,384,ck,14,0,62.5092,a8w8_blockscale_bpreshuffle_1x128x128_256x64x128x128_16x16_16x16_8x32x1_8x32x1_1x32x1x8_8_2x1_intrawave_v1,721.45,1973.13,0.0
gfx950,256,8192,7168,7168,cktile,28,0,424.7753,a8w8_blockscale_cktile_192x256x128_4x2x1_16x16x128_intrawave_0x1x0_3,1981.79,535.67,0.0
gfx950,256,10240,7168,384,ck,13,0,75.3559,a8w8_blockscale_bpreshuffle_1x128x128_256x64x256x128_16x16_16x16_8x32x1_8x32x1_1x32x1x8_8_2x1_intrawave_v1,748.07,2036.81,0.0
gfx950,256,10240,7168,7168,cktile,27,0,513.3196,a8w8_blockscale_cktile_192x256x128_4x2x1_16x16x128_intrawave_0x1x0_2,2049.93,529.07,0.0
gfx950,256,12288,7168,384,ck,13,0,88.2037,a8w8_blockscale_bpreshuffle_1x128x128_256x64x256x128_16x16_16x16_8x32x1_8x32x1_1x32x1x8_8_2x1_intrawave_v1,766.93,2081.91,0.0
gfx950,256,12288,7168,7168,cktile,27,0,601.0522,a8w8_blockscale_cktile_192x256x128_4x2x1_16x16x128_intrawave_0x1x0_2,2100.85,525.11,0.0
gfx950,256,14336,7168,384,ck,13,0,101.9592,a8w8_blockscale_bpreshuffle_1x128x128_256x64x256x128_16x16_16x16_8x32x1_8x32x1_1x32x1x8_8_2x1_intrawave_v1,774.04,2096.71,0.0
gfx950,256,14336,7168,7168,cktile,11,0,693.3656,a8w8_blockscale_cktile_192x256x128_4x2x1_16x16x128_intrawave_0x1x0_1,2124.67,518.72,0.0
gfx950,256,16384,7168,384,ck,13,0,114.589,a8w8_blockscale_bpreshuffle_1x128x128_256x64x256x128_16x16_16x16_8x32x1_8x32x1_1x32x1x8_8_2x1_intrawave_v1,787.11,2128.69,0.0
gfx950,256,16384,7168,7168,cktile,28,0,782.4701,a8w8_blockscale_cktile_192x256x128_4x2x1_16x16x128_intrawave_0x1x0_3,2151.68,515.93,0.0
gfx950,256,20480,7168,7168,cktile,27,0,977.8092,a8w8_blockscale_cktile_192x256x128_4x2x1_16x16x128_intrawave_0x1x0_2,2152.3,502.94,0.0
gfx950,256,24576,7168,7168,cktile,11,0,1183.2929,a8w8_blockscale_cktile_192x256x128_4x2x1_16x16x128_intrawave_0x1x0_1,2134.25,490.04,0.0
gfx950,256,28672,7168,7168,cktile,27,0,1374.3422,a8w8_blockscale_cktile_192x256x128_4x2x1_16x16x128_intrawave_0x1x0_2,2143.82,486.01,0.0
gfx950,256,32768,7168,384,ck,13,0,219.0743,a8w8_blockscale_bpreshuffle_1x128x128_256x64x256x128_16x16_16x16_8x32x1_8x32x1_1x32x1x8_8_2x1_intrawave_v1,823.41,2214.31,0.0
gfx950,256,32768,7168,7168,cktile,29,0,1546.2136,a8w8_blockscale_cktile_192x256x128_4x2x1_16x16x128_intrawave_0x1x0_4,2177.74,488.95,0.0
gfx950,256,40960,7168,7168,cktile,27,0,1915.2094,a8w8_blockscale_cktile_192x256x128_4x2x1_16x16x128_intrawave_0x1x0_2,2197.71,486.73,0.0
gfx950,256,49152,7168,7168,cktile,11,0,2310.8287,a8w8_blockscale_cktile_192x256x128_4x2x1_16x16x128_intrawave_0x1x0_1,2185.74,479.63,0.0
gfx950,256,57344,7168,7168,cktile,29,0,2679.8626,a8w8_blockscale_cktile_192x256x128_4x2x1_16x16x128_intrawave_0x1x0_4,2198.88,479.32,0.0
gfx950,256,65536,7168,7168,cktile,11,0,3042.0038,a8w8_blockscale_cktile_192x256x128_4x2x1_16x16x128_intrawave_0x1x0_1,2213.84,480.17,0.0
